{
	"title" : "Big Buck Bunny - Flowers",

	"w" : 1280,
	"h" : 768,
	"scale" : 0.6,

	"mpeg_extrinsic" : true,

	"z_near" : 0.2,
	"z_far" : 700.0,

	"depth_map" : {
		"d_near" : 255.0,
		"d_far" : 0.0,
		"masked" : false
	},

	"L_K" : [
		[830.457114, 0.0, 640.000000],	
		[0.0, 830.457114, 384.000000],
		[0.0, 0.0, 1.0]
	],

	"L_Rt" : [
		[0.939693, 0.000000, -0.342020, -0.359121],
		[0.000000, 1.000000, 0.000000, 0.000000],
		[0.342020, 0.000000, 0.939693, -0.986677],
		[0.0, 0.0, 0.0, 1.0]
	],

	"R_K" : [
		[830.457114, 0.0, 640.000000],	
		[0.0, 830.457114, 384.000000],
		[0.0, 0.0, 1.0]
	],

	"R_Rt" : [
		[0.996195, 0.000000, -0.087156, -0.091514],
		[0.000000, 1.000000, 0.000000, 0.000000],
		[0.087156, 0.000000, 0.996195, -1.046004],
		[0.0, 0.0, 0.0, 1.0]
	]
}

