{
	"w" : 1920,
	"h" : 1080,
	"scale" : 0.4,

	"mpeg_intrinsic" : true,

	"z_near" : 700.0,
	"z_far" : 1600.0,

	"depth_map" : {
		"d_near" : 255.0,
		"d_far" : 0.0
	},

	"L_Rt" : [
		[0.9795855392376782, -0.1972427821228137, 0.03882597348270133, 437.8051023769928],
		[0.1901613000408423, 0.9718269379071536, 0.1392518679400108, 200.2021616611897],
		[-0.06519855276924437, -0.1290259185530477, 0.9894955588876275, -1533.172228704582],
		[0, 0, 0, 1]
	],

	"L_K" : [
		[1080.221254144504, 0, 993.9712441184119],
		[0, 1080.887815989765, 487.9193046501798],
		[0, 0, 1]
	],

	"R_Rt" : [
		[0.9797016883509114, -0.1976128013239752, 0.03367168833404049, 339.4339680737281],
		[0.1917051578156845, 0.9726989603838615, 0.1307893915232371, 202.1405517170352],
		[-0.05859807427925565, -0.121679551367706, 0.9908382070094576, -1528.365753339658],
		[0, 0, 0, 1]
	],

	"R_K" : [
		[1080.221254144504, 0, 993.9712441184119],
		[0, 1080.887815989765, 487.9193046501798],
		[0, 0, 1]
	]
}

