{
"K": [
            [
                1094.88663289877,
                0.0,
                934.632863149819
            ],
            [
                0.0,
                1095.98403022909,
                543.247434263238
            ],
            [
                0.0,
                0.0,
                1.0
            ]
        ],
        "distortion": {
            "k1": 0.0,
            "k2": 0.0,
            "k3": 0.0,
            "p1": 0.0,
            "p2": 0.0
        },
        "height": 1080,
        "width": 1920
}
