{
    "color_intrinsics": {
        "K": [
            [
                1094.88663289877,
                0.0,
                934.632863149819
            ],
            [
                0.0,
                1095.98403022909,
                543.247434263238
            ],
            [
                0.0,
                0.0,
                1.0
            ]
        ],
        "distortion": {
            "k1": 0.0,
            "k2": 0.0,
            "k3": 0.0,
            "p1": 0.0,
            "p2": 0.0
        },
        "height": 1080,
        "width": 1920
    },
    "ir_intrinsics": {
        "K": [
            [
                366.882190196166,
                0.0,
                257.546861515306
            ],
            [
                0.0,
                368.335082114071,
                209.158971290093
            ],
            [
                0.0,
                0.0,
                1.0
            ]
        ],
        "distortion": {
            "k1": 0.117712331292285,
            "k2": -0.342256099858845,
            "k3": 0.163986668762415,
            "p1": 0.0,
            "p2": 0.0
        },
        "height": 424,
        "width": 512
    },
    "rotation": [
        [
            0.999881012853514,
            0.0153998229019027,
            0.000897546444497096
        ],
        [
            -0.0154005424812611,
            0.9998810842569,
            0.000800397731617192
        ],
        [
            -0.000885113728776695,
            -0.000814125196722432,
            0.999999276886664
        ]
    ],
    "translation": [
        -51.900533699297,
        0.341378485555902,
        0.126225900676988
    ]
}
